{
  "modEnabled": true,
  "restrictedLan": true,
  "serverSideOnly": true,
  "serverLogging": true,
  "serverDebugMode": false,
  "mod": {
    "favoriteTweaks": {
      "list": [],
      "disabled": false
    },
    "openedConfigScreen": true,
    "openedSodiumScreen": true,
    "openedSupporterScreen": false,
    "persistentConfigScreen": true,
    "defaultScreen": "HOME_SCREEN",
    "openConfigBinding": 79,
    "numberOfBackups": 5,
    "showWelcomeToast": true,
    "showHandshakeToast": false,
    "showLanChangeToast": true,
    "showServerboundToast": true,
    "showClientboundToast": false,
    "smoothScroll": true,
    "menuBackgroundOpacity": 85,
    "displayNewTags": true,
    "displayTagTooltips": true,
    "displayCategoryTree": true,
    "categoryTreeOpacity": 80,
    "displayRowHighlight": true,
    "displayRowHighlightFade": true,
    "overrideRowHighlight": false,
    "rowHighlightOpacity": 20
  },
  "sound": {
    "disabledPositionedSounds": {
      "list": [],
      "disabled": true
    },
    "disabledGlobalSounds": {
      "list": [],
      "disabled": true
    },
    "playMusicWhenPaused": true,
    "musicForMenu": "DISABLED",
    "musicForCreative": "ALPHA",
    "replaceOverworldBiomeMusic": true,
    "replaceNetherBiomeMusic": true,
    "replaceGameplayMusic": true,
    "stopSongBinding": -1,
    "nextSongBinding": -1,
    "oldCaveSounds": true,
    "oldCaveAmbience": true,
    "disableNetherAmbience": false,
    "disableWaterAmbience": true,
    "oldBed": true,
    "disableBedPlace": false,
    "oldChest": false,
    "disableChest": true,
    "disableLavaAmbience": false,
    "disableLavaPop": true,
    "disableFurnace": false,
    "disableBlastFurnace": false,
    "disableGrowth": true,
    "disableDoorPlace": false,
    "disableBubbleColumn": true,
    "oldAttack": true,
    "oldHurt": true,
    "oldFall": true,
    "oldXp": false,
    "disableXpPickup": true,
    "disableXpLevel": true,
    "disableGenericSwim": true,
    "disableFishSwim": true,
    "disableFishHurt": true,
    "disableFishDeath": true,
    "disableSquid": true,
    "disableGlowSquidOther": true,
    "disableGlowSquidAmbience": true,
    "oldStep": true,
    "ignoreModdedStep": false
  },
  "eyeCandy": {
    "sodiumWaterAo": false,
    "oldGrassSideTexture": false,
    "oldFastGrassTexture": true,
    "removeMipmapTexture": true,
    "ambientOcclusionBlocks": {
      "items": [
        "minecraft:powder_snow_bucket",
        "minecraft:composter"
      ],
      "disabled": true
    },
    "disableBlockOffsets": {
      "items": [
        "minecraft:poppy",
        "minecraft:poppy*",
        "minecraft:rose_bush",
        "minecraft:rose_bush*"
      ],
      "disabled": true
    },
    "disableAllOffset": false,
    "oldMissingTexture": "BETA",
    "applyFullBlockCollisions": false,
    "fullBlockCollisions": {
      "items": [],
      "disabled": true
    },
    "fullBlockOutlines": {
      "items": [
        "minecraft:cobblestone_stairs",
        "minecraft:cobblestone_stairs*",
        "minecraft:cobblestone_wall",
        "minecraft:cobblestone_wall*",
        "minecraft:oak_fence",
        "minecraft:oak_fence*",
        "minecraft:chest",
        "minecraft:chest*",
        "minecraft:ender_chest",
        "minecraft:ender_chest*",
        "minecraft:cauldron",
        "minecraft:cauldron*",
        "minecraft:hopper",
        "minecraft:hopper*",
        "minecraft:anvil",
        "minecraft:anvil*"
      ],
      "disabled": true
    },
    "blockOutlineColor": "#00000066",
    "blockOutlineThickness": 2.5,
    "disableHitboxOverride": true,
    "oldBlockOverlay": false,
    "overlayRenderOrder": "FIRST",
    "blockOverlayColorType": "SOLID",
    "blockOverlayColor": "#FFFFFF5A",
    "blockOverlayGradientTop": "#0000005A",
    "blockOverlayGradientBottom": "#FFFFFF5A",
    "pulsateBlockOverlay": true,
    "pulsateOverlayAnimation": "LINEAR",
    "oldBlockOverlaySpeed": 0.2,
    "minimumBlockPulsationTransparency": 0.1,
    "maximumBlockPulsationTransparency": 0.4,
    "oldChest": true,
    "oldEnderChest": true,
    "oldTrappedChest": true,
    "applyChestVoxel": false,
    "oldModChests": {
      "items": [],
      "disabled": true
    },
    "translucentChests": {
      "items": [],
      "disabled": true
    },
    "oldTorchBrightness": true,
    "oldTorchBottom": true,
    "oldTorchModel": true,
    "oldRedstoneTorchModel": true,
    "oldSoulTorchModel": true,
    "hidePlayerInBed": true,
    "hideRecipeToasts": true,
    "hideTutorialToasts": true,
    "hideAdvancementToasts": false,
    "hideAdvancementChats": false,
    "blinkHeartsOnInstantEat": false,
    "moveMessagesToChat": false,
    "hideExperienceBar": true,
    "hideHungerBar": true,
    "hideStaminaBar": true,
    "hideStaminaMoving": false,
    "hideStaminaCooldown": false,
    "hideStaminaBarInactive": false,
    "highlightStaminaBar": false,
    "flashStaminaBarWhenFull": true,
    "flashStaminaBarAt": 7,
    "adventureCraftOffhand": false,
    "leftOffhandOffset": 0,
    "rightOffhandOffset": 0,
    "showExpLevelText": false,
    "showExpLevelOnlyInventory": false,
    "showExpLevelInCreative": false,
    "altExpLevelCorner": "TOP_LEFT",
    "altExpLevelOffsetX": 0,
    "altExpLevelOffsetY": 0,
    "altExpLevelShadow": true,
    "altExpLevelText": "Level: %a%v",
    "showExpProgressText": false,
    "showExpProgressOnlyInventory": false,
    "showExpProgressInCreative": false,
    "useDynamicProgressColor": true,
    "altExpProgressCorner": "TOP_LEFT",
    "altExpProgressOffsetX": 0,
    "altExpProgressOffsetY": 0,
    "altExpProgressShadow": true,
    "altExpProgressText": "Experience: %v%",
    "showHungerFoodText": false,
    "showHungerFoodOnlyInventory": false,
    "useDynamicFoodColor": true,
    "altHungerFoodCorner": "TOP_LEFT",
    "altHungerFoodOffsetX": 0,
    "altHungerFoodOffsetY": 0,
    "altHungerFoodShadow": true,
    "altHungerFoodText": "Food: %v",
    "showHungerSaturationText": false,
    "showHungerSaturationOnlyInventory": false,
    "useDynamicSaturationColor": true,
    "altHungerSaturationCorner": "TOP_LEFT",
    "altHungerSaturationOffsetX": 0,
    "altHungerSaturationOffsetY": 0,
    "altHungerSaturationShadow": true,
    "altHungerSaturationText": "Saturation: %v%",
    "showStaminaText": false,
    "useDynamicStaminaColor": true,
    "altStaminaShowOnActive": false,
    "altStaminaCorner": "TOP_LEFT",
    "altStaminaOffsetX": 0,
    "altStaminaOffsetY": 0,
    "altStaminaShadow": true,
    "altStaminaText": "Stamina: %v%",
    "oldVersionOverlay": false,
    "oldOverlayShadow": true,
    "oldOverlayCorner": "TOP_LEFT",
    "oldOverlayOffsetX": 0,
    "oldOverlayOffsetY": 0,
    "oldOverlayText": "Minecraft Beta 1.7.3",
    "enableWindowTitle": true,
    "matchVersionOverlay": false,
    "windowTitleText": "Minecraft",
    "oldDebug": "MODERN",
    "debugEntityId": false,
    "fpsChart": "DISABLED",
    "showDebugPieChart": false,
    "oldPieChartBackground": false,
    "showDebugLeftTextShadow": false,
    "showDebugRightTextShadow": false,
    "showDebugLeftBackground": true,
    "showDebugRightBackground": true,
    "debugLeftBackgroundColor": "#50505090",
    "debugRightBackgroundColor": "#50505090",
    "showDebugLeftTextColor": false,
    "showDebugRightTextColor": false,
    "debugLeftTextColor": "#FFFFFFFF",
    "debugRightTextColor": "#FFFFFFFF",
    "showDebugGpuUsage": false,
    "showDebugLightData": false,
    "showDebugFacingData": false,
    "showDebugTargetData": false,
    "showDebugBiomeData": false,
    "oldInventory": true,
    "inventoryBook": "DISABLED",
    "inventoryShield": "INVISIBLE",
    "disableEmptyArmorTexture": true,
    "disableEmptyShieldTexture": true,
    "invertedPlayerLighting": false,
    "oldCreativeHotbar": "MODERN",
    "oldButtonTextColor": true,
    "oldGuiBackground": "SOLID_BLACK",
    "customGuiBackground": false,
    "customGuiTopGradient": "#00000000",
    "customGuiBottomGradient": "#00000000",
    "oldLoadingOverlay": "BETA",
    "removeLoadingBar": true,
    "customLoadingOverlayBackground": false,
    "loadingOverlayBackgroundColor": "#000000",
    "customLoadingProgressBar": false,
    "progressBarOutlineColor": "#FFFFFF",
    "progressBarInsideColor": "#FFFFFF",
    "oldProgressScreen": true,
    "oldPauseMenu": "ACHIEVE_LOWER",
    "includeModsOnPause": false,
    "removeExtraPauseButtons": false,
    "oldAnvilScreen": true,
    "oldCraftingScreen": true,
    "craftingBook": "DISABLED",
    "oldFurnaceScreen": true,
    "furnaceBook": "DISABLED",
    "oldChatInput": true,
    "oldChatBox": true,
    "disableSignatureBoxes": true,
    "chatOffset": 0,
    "oldDeathScreen": true,
    "oldDeathScore": true,
    "hideCauseOfDeath": true,
    "oldWorldSelectScreen": "BETA",
    "levelSelectWhenEmpty": false,
    "addWorldThumbnail": false,
    "addWorldMetadata": false,
    "ignoreWorldSize": false,
    "oldStyleCreateWorldTabs": true,
    "removeCreateWorldFooter": true,
    "overrideTitleScreen": true,
    "oldTitleBackground": true,
    "uncapTitleFPS": false,
    "oldAlphaLogo": false,
    "clickOnLogoToggle": false,
    "useCustomFallingLogo": false,
    "fallingLogoEditor": "null",
    "splashOffsetX": 0,
    "splashOffsetY": 0,
    "titleButtonLayout": "BETA",
    "includeModsOnTitle": false,
    "removeTitleRealmsButton": true,
    "removeTitleAccessibilityButton": true,
    "removeTitleLanguageButton": true,
    "removeExtraTitleButtons": false,
    "addQuitButton": false,
    "titleVersionText": "Minecraft Beta 1.7.3",
    "titleBottomLeftText": false,
    "titleTopRightDebugText": false,
    "removeTitleModLoaderText": true,
    "oldTooltipBoxes": true,
    "oldNoItemTooltips": false,
    "showEnchantmentTip": true,
    "showModifierTip": true,
    "showDyeTip": true,
    "tooltipColorType": "SOLID",
    "tooltipBackgroundColor": "#000000C0",
    "tooltipGradientTop": "#FFFFFFC0",
    "tooltipGradientBottom": "#000000C0",
    "fixItemModelGap": false,
    "oldDamageArmorTint": true,
    "oldItemHolding": true,
    "ignoredHoldingItems": {
      "items": [
        "minecraft:crossbow"
      ],
      "disabled": true
    },
    "itemMergeLimit": 16,
    "oldItemMerging": true,
    "old2dItems": true,
    "old2dColors": true,
    "old2dRendering": true,
    "old2dExceptions": {
      "items": [
        "minecraft:decorated_pot"
      ],
      "disabled": true
    },
    "disableEnchantedGroundItems": false,
    "disableEnchantedStaticItems": false,
    "ignoredDurabilityColors": {
      "items": [],
      "disabled": false
    },
    "oldDurabilityColors": true,
    "oldNoSelectedItemName": true,
    "oldPlainSelectedItemName": false,
    "oldNameTags": true,
    "supporterTags": true,
    "disableLightFlicker": true,
    "invertedBlockLighting": false,
    "oldLeavesLighting": true,
    "oldWaterLighting": true,
    "chestLightBlock": true,
    "roundRobinRelight": false,
    "oldNetherLighting": true,
    "oldSmoothLighting": true,
    "disableSmoothLighting": false,
    "oldClassicEngine": false,
    "smoothLightTransition": true,
    "dynamicLightBrightness": false,
    "disableLightBrightness": true,
    "oldLightColor": true,
    "maxBlockLight": 15,
    "disabledParticles": {
      "list": [],
      "disabled": true
    },
    "oldOpaqueExperience": false,
    "disableNetherParticles": true,
    "disableUnderwaterParticles": false,
    "disableLavaParticles": true,
    "disableLavaDripParticles": true,
    "disableWaterDripParticles": true,
    "disableLeverParticles": true,
    "disableModelDestructionParticles": false,
    "disableEnderChestParticles": true,
    "disableGrowthParticles": true,
    "disableFallingParticles": true,
    "disableSprintingParticles": true,
    "hideFirstPersonMagicParticles": true,
    "oldBoatMovementParticles": true,
    "oldSweepParticles": true,
    "oldNoDamageParticles": true,
    "oldNoCritParticles": true,
    "oldNoMagicHitParticles": true,
    "oldExplosionParticles": true,
    "oldMixedExplosionParticles": false,
    "unoptimizedExplosionParticles": false,
    "oldSquareBorder": true,
    "oldWorldFog": "ALPHA_R164",
    "fogBinding": -1,
    "oldNetherFog": true,
    "oldSunriseSunsetFog": true,
    "oldDarkFog": true,
    "oldDynamicFogColor": true,
    "universalFogColor": "DISABLED",
    "useCustomOverworldFogDensity": false,
    "useCustomOverworldFogColor": false,
    "useCustomNetherFogDensity": false,
    "useCustomNetherFogColor": false,
    "customOverworldFogColor": "#FFFFFF",
    "customNetherFogColor": "#540E0E",
    "customOverworldFogStart": 100,
    "customOverworldFogEnd": 60,
    "customNetherFogStart": 100,
    "customNetherFogEnd": 60,
    "oldWaterFogDensity": false,
    "oldWaterFogColor": false,
    "smoothWaterDensity": true,
    "smoothWaterColor": true,
    "renderSunriseSunsetColor": true,
    "oldSunriseAtNorth": true,
    "oldStars": "BETA",
    "oldDynamicSkyColor": true,
    "universalSkyColor": "DISABLED",
    "oldNetherSky": true,
    "oldCloudHeight": 192,
    "customOverworldSky": false,
    "customOverworldSkyColor": "#FFFFFF",
    "oldBlueVoid": "BETA",
    "oldBlueVoidOverride": true,
    "oldDarkVoidHeight": false,
    "customVoidSky": false,
    "customVoidSkyColor": "#0000FF",
    "renderVoidFog": true,
    "creativeVoidFog": true,
    "creativeVoidParticles": true,
    "lightRemovesVoidFog": true,
    "voidFogEncroach": 70,
    "voidFogStart": 50,
    "voidParticleStart": -47,
    "voidParticleRadius": 16,
    "voidParticleDensity": 20,
    "weatherType": "BIOME",
    "alwaysRenderWeather": false,
    "preventWeatherInfluence": false,
    "toggleWeatherBinding": -1
  },
  "gameplay": {
    "oldLadderGap": false,
    "oldSquidMilking": false,
    "disableAnimalPanic": true,
    "disableMonsterAvoidSun": true,
    "disableSkeletonStrafing": true,
    "oldCreeperStrafeOnSwell": true,
    "disableMonsterItemPickup": true,
    "disableBabyZombieSpawn": true,
    "disableBabyPiglinSpawn": true,
    "disableMonsterItemSpawn": true,
    "disableMonsterArmorSpawn": true,
    "disableMonsterEnchantSpawn": true,
    "piglinOnlyGoldSwordSpawn": true,
    "monsterSpawnCap": 70,
    "animalSpawnCap": 10,
    "oldAnimalSpawnList": {
      "list": [
        "minecraft:chicken",
        "minecraft:cow",
        "minecraft:mooshroom",
        "minecraft:pig",
        "minecraft:sheep"
      ],
      "disabled": false
    },
    "oldAnimalSpawning": true,
    "disableBabyAnimalSpawning": true,
    "disableAnimalBreeding": true,
    "disableAnimalTempting": true,
    "keepBabyAnimalWhileOldSpawn": false,
    "ignoreAnimalBiomeRestrictions": false,
    "disableSheepEatGrass": true,
    "randomSheepWoolRegen": true,
    "oldSheepPunching": false,
    "oneWoolPunch": true,
    "oldZombiePigmenDrops": true,
    "oldSkeletonDrops": true,
    "oldChickenDrops": true,
    "oldZombieDrops": true,
    "oldSpiderDrops": true,
    "oldSheepDrops": true,
    "oldCowDrops": true,
    "oldPigDrops": true,
    "oldStyleZombieVillagerDrops": true,
    "oldStyleCaveSpiderDrops": true,
    "oldStyleMooshroomDrops": true,
    "oldStyleDrownedDrops": true,
    "oldStyleRabbitDrops": true,
    "oldStyleStrayDrops": true,
    "oldStyleHuskDrops": true,
    "blockWithSwordOnShield": true,
    "oldSwordBlocking": false,
    "attackWhileSwordBlocking": false,
    "swordBlockDamageReduction": 50,
    "oldDamageValues": true,
    "disableCooldown": true,
    "disableMissTimer": true,
    "disableCriticalHit": true,
    "disableSweep": true,
    "arrowSpeed": 70,
    "instantBow": false,
    "invincibleBow": false,
    "disableOrbSpawn": true,
    "disableOrbRendering": true,
    "immediateExperiencePickup": false,
    "disableAnvil": true,
    "disableEnchantTable": true,
    "staminaSprint": false,
    "staminaInfinitePeaceful": false,
    "staminaRegainWhenMoving": "NORMAL",
    "staminaDuration": 5,
    "staminaRecharge": 7,
    "staminaCooldown": 0,
    "staminaSaturationEffect": false,
    "staminaHungerEffect": false,
    "oldNightmares": true,
    "disableSprint": true,
    "leftClickDoor": true,
    "leftClickLever": true,
    "leftClickButton": true,
    "oldFishingLoot": true,
    "oldFishingLuring": true,
    "oldFishingCasting": true,
    "instantBonemeal": true,
    "tilledGrassSeeds": true,
    "oldFire": true,
    "infiniteBurn": false,
    "instantAir": true,
    "disableSwim": true,
    "cartBoosting": true,
    "cartRiderTurning": true,
    "cartSafeRiderTurning": true,
    "disableBoatBusyHands": true,
    "oldBoatWaterLift": true,
    "oldBoatDrops": true,
    "selfBlockDrops": {
      "items": [
        "minecraft:iron_ore",
        "minecraft:gold_ore",
        "minecraft:copper_ore",
        "minecraft:deepslate_iron_ore",
        "minecraft:deepslate_gold_ore",
        "minecraft:deepslate_copper_ore"
      ],
      "disabled": true
    },
    "punchTntIgnition": false,
    "disableBedBounce": true,
    "alwaysOpenChest": true,
    "disableShovelPathing": true,
    "disableAxeStripping": true,
    "disableHunger": true,
    "instantEat": true,
    "oldFoodStacking": true,
    "preventHungerEffect": true,
    "preventInstantEatEffects": false,
    "ignoredEdibles": {
      "items": [],
      "disabled": false
    },
    "customFoodHealth": {
      "items": {
        "minecraft:rotten_flesh": 0,
        "minecraft:spider_eye": 0,
        "minecraft:carrot": 1,
        "minecraft:melon_slice": 1,
        "minecraft:chorus_fruit": 1,
        "minecraft:sweet_berries": 1,
        "minecraft:glow_berries": 1,
        "minecraft:mushroom_stew": 10,
        "minecraft:beetroot_soup": 10,
        "minecraft:rabbit_stew": 10,
        "minecraft:suspicious_stew": 10,
        "minecraft:golden_apple": 20,
        "minecraft:enchanted_golden_apple": 20
      },
      "disabled": true
    },
    "customFoodStacking": {
      "items": {
        "minecraft:cookie": 8,
        "minecraft:beetroot": 8,
        "minecraft:carrot": 8,
        "minecraft:chorus_fruit": 8,
        "minecraft:dried_kelp": 9,
        "minecraft:melon_slice": 8,
        "minecraft:potato": 8,
        "minecraft:poisonous_potato": 8,
        "minecraft:sweet_berries": 8,
        "minecraft:glow_berries": 8,
        "minecraft:apple": 1,
        "minecraft:baked_potato": 1,
        "minecraft:beef": 1,
        "minecraft:beetroot_soup": 1,
        "minecraft:bread": 1,
        "minecraft:chicken": 1,
        "minecraft:cod": 1,
        "minecraft:cooked_beef": 1,
        "minecraft:cooked_chicken": 1,
        "minecraft:cooked_cod": 1,
        "minecraft:cooked_mutton": 1,
        "minecraft:cooked_porkchop": 1,
        "minecraft:cooked_rabbit": 1,
        "minecraft:cooked_salmon": 1,
        "minecraft:enchanted_golden_apple": 1,
        "minecraft:golden_apple": 1,
        "minecraft:golden_carrot": 1,
        "minecraft:honey_bottle": 4,
        "minecraft:mushroom_stew": 1,
        "minecraft:mutton": 1,
        "minecraft:porkchop": 1,
        "minecraft:pufferfish": 1,
        "minecraft:pumpkin_pie": 1,
        "minecraft:rabbit": 1,
        "minecraft:rabbit_stew": 1,
        "minecraft:salmon": 1,
        "minecraft:suspicious_stew": 1,
        "minecraft:tropical_fish": 1
      },
      "disabled": false
    },
    "customItemStacking": {
      "items": {},
      "disabled": true
    }
  },
  "animation": {
    "preventArmSway": true,
    "armSwayMirror": false,
    "armSwayIntensity": 100,
    "oldSwing": true,
    "oldSwingInterrupt": true,
    "oldSwingDropping": true,
    "oldClassicAttackSwing": false,
    "oldClassicUseSwing": false,
    "oldItemCooldown": true,
    "oldItemReequip": true,
    "oldToolExplosion": true,
    "oldZombieArms": true,
    "oldSkeletonArms": true,
    "oldGhastCharging": true,
    "oldMobDeathTopple": true,
    "oldMobHeadBodyTurn": true,
    "hideBoatRowing": true,
    "oldClassicWalkBobbing": false,
    "oldClassicWalkArms": false,
    "oldBackwardWalking": true,
    "oldVerticalBobbing": true,
    "oldCreativeCrouch": true,
    "oldRandomDamage": true,
    "oldSneaking": true,
    "preventDeathTopple": true
  },
  "swing": {
    "overrideSpeeds": false,
    "attackGlobalSpeed": -1,
    "useGlobalSpeed": -1,
    "attackItemSpeed": 8,
    "useItemSpeed": 8,
    "attackToolSpeed": 8,
    "useToolSpeed": 8,
    "attackBlockSpeed": 8,
    "useBlockSpeed": 8,
    "attackSwordSpeed": 8,
    "useSwordSpeed": 8,
    "attackHasteSpeed": -1,
    "useHasteSpeed": -1,
    "attackFatigueSpeed": -1,
    "useFatigueSpeed": -1,
    "attackSwingSpeeds": {
      "items": {},
      "disabled": true
    },
    "useSwingSpeeds": {
      "items": {},
      "disabled": true
    }
  }
}